1,2,3,4,5
97552,1,38,XYH,2020/7/13 7:58
97553,1,45,ZJJ,2020/7/13 8:28
97554,1,31,ZH,2020/7/13 8:28
97555,1,7,YZQ,2020/7/13 8:30
97556,1,11,XM,2020/7/13 8:34
97557,1,46,LZG,2020/7/13 9:05
97558,1,12,GSH,2020/7/13 9:18
97559,1,52,QF,2020/7/13 9:26
97560,1,48,QH,2020/7/13 11:37
97561,1,12,GSH,2020/7/13 11:37
97562,1,45,ZJJ,2020/7/13 11:37
97563,1,13,FWB,2020/7/13 11:40
97564,1,30,LY,2020/7/13 11:41
97565,1,29,LX,2020/7/13 11:42
97566,1,34,ZQ,2020/7/13 11:55
97567,1,7,YZQ,2020/7/13 12:04
97568,1,31,ZH,2020/7/13 12:04
97569,1,41,HCL,2020/7/13 12:04
97570,1,32,LS,2020/7/13 12:23
97571,1,52,QF,2020/7/13 12:24
97572,1,46,LZG,2020/7/13 12:26
97573,1,48,QH,2020/7/13 12:34
97574,1,11,XM,2020/7/13 12:34
97575,1,15,SXJ,2020/7/13 12:35
97576,1,15,SXJ,2020/7/13 12:35
97577,1,45,ZJJ,2020/7/13 12:46
97578,1,32,LS,2020/7/13 12:49
97579,1,38,XYH,2020/7/13 13:37
97580,1,32,LS,2020/7/13 13:38
97581,1,34,ZQ,2020/7/13 13:42
97582,1,7,YZQ,2020/7/13 13:42
97583,1,20,HQ,2020/7/13 13:43
97584,1,20,HQ,2020/7/13 13:43
97585,1,40,LYW,2020/7/13 13:55
97586,1,51,WAC,2020/7/13 14:03
97587,1,29,LX,2020/7/13 14:34
97588,1,12,GSH,2020/7/13 15:05
97589,1,48,QH,2020/7/13 17:27
97590,1,45,ZJJ,2020/7/13 17:28
97591,1,32,LS,2020/7/13 17:28
97592,1,11,XM,2020/7/13 17:31
97593,1,38,XYH,2020/7/13 17:33
97594,1,7,YZQ,2020/7/13 17:46
97595,1,51,WAC,2020/7/13 17:46
97596,1,20,HQ,2020/7/13 17:48
97597,1,20,HQ,2020/7/13 17:48
97598,1,52,QF,2020/7/13 17:53
97599,1,31,ZH,2020/7/13 17:54
97600,1,12,GSH,2020/7/13 17:58
97601,1,13,FWB,2020/7/13 18:01
97602,1,30,LY,2020/7/13 18:01
97603,1,34,ZQ,2020/7/13 18:11
97604,1,29,LX,2020/7/13 18:11
97605,1,46,LZG,2020/7/13 18:17
97606,1,5,NL,2020/7/13 18:30
97607,1,32,LS,2020/7/13 18:50
97608,1,40,LYW,2020/7/13 19:01
97609,1,48,QH,2020/7/13 19:04
97610,1,12,GSH,2020/7/13 19:20
97611,1,7,YZQ,2020/7/13 19:29
97612,1,40,LYW,2020/7/13 21:04
97613,1,51,WAC,2020/7/13 21:30
97614,1,52,QF,2020/7/13 21:33
97615,1,11,XM,2020/7/13 21:44
97616,1,12,GSH,2020/7/13 21:52
97617,1,12,GSH,2020/7/13 22:09
97618,1,30,LY,2020/7/13 22:12
97619,1,13,FWB,2020/7/13 22:12
97620,1,7,YZQ,2020/7/13 22:13
97621,1,48,QH,2020/7/13 22:21
97622,1,34,ZQ,2020/7/13 22:28
97623,1,45,ZJJ,2020/7/13 22:32
97624,1,38,XYH,2020/7/13 22:42
97625,1,31,ZH,2020/7/13 22:48
97626,1,20,HQ,2020/7/13 22:56
97627,1,46,LZG,2020/7/13 23:15
97628,1,10,XX,2020/7/13 23:21
97629,1,5,NL,2020/7/13 23:51
97630,1,32,LS,2020/7/13 23:56
97631,1,46,LZG,2020/7/14 1:54
97632,1,40,LYW,2020/7/14 7:56
97633,1,11,XM,2020/7/14 7:57
97634,1,38,XYH,2020/7/14 7:57
97635,1,51,WAC,2020/7/14 7:57
97636,1,34,ZQ,2020/7/14 7:59
97637,1,48,QH,2020/7/14 8:06
97638,1,7,YZQ,2020/7/14 8:08
97639,1,31,ZH,2020/7/14 8:11
97640,1,29,LX,2020/7/14 8:15
97641,1,45,ZJJ,2020/7/14 8:26
97642,1,20,HQ,2020/7/14 8:26
97643,1,46,LZG,2020/7/14 8:26
97644,1,13,FWB,2020/7/14 8:29
97645,1,30,LY,2020/7/14 8:29
97646,1,32,LS,2020/7/14 8:41
97647,1,52,QF,2020/7/14 8:44
97648,1,10,XX,2020/7/14 8:47
97649,1,12,GSH,2020/7/14 8:56
97650,1,32,LS,2020/7/14 11:11
97651,1,29,LX,2020/7/14 11:11
97652,1,12,GSH,2020/7/14 11:41
97653,1,7,YZQ,2020/7/14 11:41
97654,1,13,FWB,2020/7/14 11:46
97655,1,52,QF,2020/7/14 11:49
97656,1,11,XM,2020/7/14 12:04
97657,1,31,ZH,2020/7/14 12:04
97658,1,38,XYH,2020/7/14 12:05
97659,1,48,QH,2020/7/14 12:20
97660,1,34,ZQ,2020/7/14 12:34
97661,1,51,WAC,2020/7/14 12:35
97662,1,30,LY,2020/7/14 12:47
97663,1,10,XX,2020/7/14 13:04
97664,1,10,XX,2020/7/14 13:04
97665,1,46,LZG,2020/7/14 13:05
97666,1,45,ZJJ,2020/7/14 13:23
97667,1,32,LS,2020/7/14 13:43
97668,1,7,YZQ,2020/7/14 13:59
97669,1,40,LYW,2020/7/14 13:59
97670,1,12,GSH,2020/7/14 16:44
97671,1,45,ZJJ,2020/7/14 17:06
97672,1,11,XM,2020/7/14 17:09
97673,1,20,HQ,2020/7/14 17:40
97674,1,32,LS,2020/7/14 17:43
97675,1,51,WAC,2020/7/14 17:50
97676,1,13,FWB,2020/7/14 17:52
97677,1,7,YZQ,2020/7/14 17:54
97678,1,30,LY,2020/7/14 17:54
97679,1,31,ZH,2020/7/14 17:55
97680,1,48,QH,2020/7/14 17:57
97681,1,38,XYH,2020/7/14 17:58
97682,1,5,NL,2020/7/14 17:59
97683,1,52,QF,2020/7/14 18:06
97684,1,46,LZG,2020/7/14 18:08
97685,1,32,LS,2020/7/14 18:14
97686,1,29,LX,2020/7/14 18:14
97687,1,12,GSH,2020/7/14 18:33
97688,1,7,YZQ,2020/7/14 18:39
97689,1,40,LYW,2020/7/14 19:05
97690,1,12,GSH,2020/7/14 19:38
97691,1,11,XM,2020/7/14 21:25
97692,1,51,WAC,2020/7/14 21:30
97693,1,7,YZQ,2020/7/14 21:34
97694,1,13,FWB,2020/7/14 21:37
97695,1,30,LY,2020/7/14 21:37
97696,1,46,LZG,2020/7/14 22:02
97697,1,20,HQ,2020/7/14 22:03
97698,1,45,ZJJ,2020/7/14 22:04
97699,1,52,QF,2020/7/14 22:04
97700,1,12,GSH,2020/7/14 22:15
97701,1,48,QH,2020/7/14 22:16
97702,1,38,XYH,2020/7/14 22:31
97703,1,34,ZQ,2020/7/14 22:34
97704,1,31,ZH,2020/7/14 22:38
97705,1,10,XX,2020/7/14 22:40
97706,1,32,LS,2020/7/14 22:50
97707,1,5,NL,2020/7/14 23:10
97708,1,51,WAC,2020/7/15 7:59
97709,1,29,LX,2020/7/15 7:59
97710,1,38,XYH,2020/7/15 8:02
97711,1,34,ZQ,2020/7/15 8:09
97712,1,11,XM,2020/7/15 8:12
97713,1,13,FWB,2020/7/15 8:14
97714,1,30,LY,2020/7/15 8:14
97715,1,7,YZQ,2020/7/15 8:22
97716,1,40,LYW,2020/7/15 8:23
97717,1,46,LZG,2020/7/15 8:26
97718,1,45,ZJJ,2020/7/15 8:26
97719,1,20,HQ,2020/7/15 8:26
97720,1,31,ZH,2020/7/15 8:31
97721,1,52,QF,2020/7/15 8:34
97722,1,32,LS,2020/7/15 8:35
97723,1,12,GSH,2020/7/15 8:39
97724,1,48,QH,2020/7/15 8:48
97725,1,10,XX,2020/7/15 10:01
97726,1,5,NL,2020/7/15 10:02
97727,1,32,LS,2020/7/15 11:20
97728,1,29,LX,2020/7/15 11:20
97729,1,51,WAC,2020/7/15 11:46
97730,1,46,LZG,2020/7/15 11:48
97731,1,7,YZQ,2020/7/15 11:49
97732,1,12,GSH,2020/7/15 11:50
97733,1,48,QH,2020/7/15 11:52
97734,1,38,XYH,2020/7/15 11:52
97735,1,30,LY,2020/7/15 11:53
97736,1,13,FWB,2020/7/15 11:54
97737,1,11,XM,2020/7/15 11:54
97738,1,52,QF,2020/7/15 11:56
97739,1,31,ZH,2020/7/15 12:10
97740,1,32,LS,2020/7/15 12:11
97741,1,38,XYH,2020/7/15 12:28
97742,1,45,ZJJ,2020/7/15 13:01
97743,1,20,HQ,2020/7/15 13:02
97744,1,34,ZQ,2020/7/15 13:38
97745,1,7,YZQ,2020/7/15 14:06
97746,1,12,GSH,2020/7/15 16:31
97747,1,7,YZQ,2020/7/15 17:30
97748,1,51,WAC,2020/7/15 17:30
97749,1,45,ZJJ,2020/7/15 17:32
97750,1,13,FWB,2020/7/15 17:40
97751,1,30,LY,2020/7/15 17:40
97752,1,12,GSH,2020/7/15 17:40
97753,1,52,QF,2020/7/15 17:43
97754,1,32,LS,2020/7/15 17:47
97755,1,11,XM,2020/7/15 17:52
97756,1,31,ZH,2020/7/15 17:55
97757,1,48,QH,2020/7/15 17:56
97758,1,5,NL,2020/7/15 17:56
97759,1,10,XX,2020/7/15 17:56
97760,1,38,XYH,2020/7/15 18:06
97761,1,46,LZG,2020/7/15 18:08
97762,1,7,YZQ,2020/7/15 18:09
97763,1,12,GSH,2020/7/15 18:30
97764,1,40,LYW,2020/7/15 18:51
97765,1,12,GSH,2020/7/15 19:07
97766,1,11,XM,2020/7/15 20:59
97767,1,52,QF,2020/7/15 21:30
97768,1,29,LX,2020/7/15 21:35
97769,1,13,FWB,2020/7/15 21:37
97770,1,51,WAC,2020/7/15 21:39
97771,1,7,YZQ,2020/7/15 21:43
97772,1,34,ZQ,2020/7/15 22:13
97773,1,30,LY,2020/7/15 22:14
97774,1,12,GSH,2020/7/15 22:20
97775,1,10,XX,2020/7/15 22:30
97776,1,5,NL,2020/7/15 22:33
97777,1,48,QH,2020/7/15 22:43
97778,1,31,ZH,2020/7/15 22:46
97779,1,46,LZG,2020/7/15 23:06
97780,1,32,LS,2020/7/15 23:09
97781,1,38,XYH,2020/7/15 23:56
97782,1,40,LYW,2020/7/16 7:56
97783,1,51,WAC,2020/7/16 8:00
97784,1,31,ZH,2020/7/16 8:08
97785,1,34,ZQ,2020/7/16 8:09
97786,1,11,XM,2020/7/16 8:13
97787,1,48,QH,2020/7/16 8:18
97788,1,7,YZQ,2020/7/16 8:18
97789,1,15,SXJ,2020/7/16 8:23
97790,1,13,FWB,2020/7/16 8:24
97791,1,30,LY,2020/7/16 8:25
97792,1,46,LZG,2020/7/16 8:27
97793,1,45,ZJJ,2020/7/16 8:28
97794,1,52,QF,2020/7/16 8:35
97795,1,29,LX,2020/7/16 8:36
97796,1,38,XYH,2020/7/16 8:38
97797,1,32,LS,2020/7/16 8:38
97798,1,10,XX,2020/7/16 9:14
97799,1,32,LS,2020/7/16 11:20
97800,1,13,FWB,2020/7/16 11:38
97801,1,30,LY,2020/7/16 11:38
97802,1,46,LZG,2020/7/16 11:43
97803,1,51,WAC,2020/7/16 11:44
97804,1,11,XM,2020/7/16 11:44
97805,1,52,QF,2020/7/16 11:45
97806,1,48,QH,2020/7/16 11:47
97807,1,7,YZQ,2020/7/16 11:56
97808,1,45,ZJJ,2020/7/16 11:56
97809,1,32,LS,2020/7/16 11:58
97810,1,29,LX,2020/7/16 11:58
97811,1,31,ZH,2020/7/16 12:05
97812,1,34,ZQ,2020/7/16 12:06
97813,1,38,XYH,2020/7/16 12:15
97814,1,20,HQ,2020/7/16 12:17
97815,1,5,NL,2020/7/16 12:20
97816,1,15,SXJ,2020/7/16 12:21
97817,1,12,GSH,2020/7/16 13:35
97818,1,40,LYW,2020/7/16 13:56
97819,1,7,YZQ,2020/7/16 14:12
97820,1,38,XYH,2020/7/16 14:29
97821,1,5,NL,2020/7/16 15:16
97822,1,13,FWB,2020/7/16 17:20
97823,1,30,LY,2020/7/16 17:21
97824,1,51,WAC,2020/7/16 17:32
97825,1,11,XM,2020/7/16 17:37
97826,1,48,QH,2020/7/16 17:42
97827,1,32,LS,2020/7/16 17:46
97828,1,52,QF,2020/7/16 17:47
97829,1,15,SXJ,2020/7/16 17:48
97830,1,31,ZH,2020/7/16 17:56
97831,1,12,GSH,2020/7/16 18:05
97832,1,7,YZQ,2020/7/16 18:10
97833,1,46,LZG,2020/7/16 18:11
97834,1,38,XYH,2020/7/16 18:11
97835,1,48,QH,2020/7/16 18:21
97836,1,5,NL,2020/7/16 18:25
97837,1,10,XX,2020/7/16 18:25
97838,1,46,LZG,2020/7/16 18:54
97839,1,29,LX,2020/7/16 18:55
97840,1,12,GSH,2020/7/16 18:55
97841,1,40,LYW,2020/7/16 19:02
97842,1,20,HQ,2020/7/16 19:18
97843,1,12,GSH,2020/7/16 20:57
97844,1,11,XM,2020/7/16 21:20
97845,1,51,WAC,2020/7/16 21:36
97846,1,52,QF,2020/7/16 21:37
97847,1,7,YZQ,2020/7/16 21:59
97848,1,20,HQ,2020/7/16 22:02
97849,1,31,ZH,2020/7/16 22:12
97850,1,20,HQ,2020/7/16 22:12
97851,1,13,FWB,2020/7/16 22:31
97852,1,30,LY,2020/7/16 22:31
97853,1,10,XX,2020/7/16 22:36
97854,1,34,ZQ,2020/7/16 22:36
97855,1,46,LZG,2020/7/16 22:54
97856,1,32,LS,2020/7/16 22:59
97857,1,12,GSH,2020/7/16 23:42
97858,1,38,XYH,2020/7/16 23:48
97859,1,38,XYH,2020/7/17 1:27
97860,1,34,ZQ,2020/7/17 7:58
97861,1,51,WAC,2020/7/17 8:04
97862,1,10,XX,2020/7/17 8:12
97863,1,40,LYW,2020/7/17 8:12
97864,1,31,ZH,2020/7/17 8:16
97865,1,11,XM,2020/7/17 8:19
97866,1,46,LZG,2020/7/17 8:21
97867,1,13,FWB,2020/7/17 8:25
97868,1,30,LY,2020/7/17 8:25
97869,1,32,LS,2020/7/17 8:27
97870,1,45,ZJJ,2020/7/17 8:28
97871,1,38,XYH,2020/7/17 8:28
97872,1,7,YZQ,2020/7/17 8:37
97873,1,29,LX,2020/7/17 8:44
97874,1,52,QF,2020/7/17 8:50
97875,1,48,QH,2020/7/17 9:52
97876,1,12,GSH,2020/7/17 10:05
97877,1,32,LS,2020/7/17 11:34
97878,1,20,HQ,2020/7/17 11:34
97879,1,13,FWB,2020/7/17 11:40
97880,1,30,LY,2020/7/17 11:40
97881,1,46,LZG,2020/7/17 11:40
97882,1,51,WAC,2020/7/17 11:44
97883,1,52,QF,2020/7/17 11:48
97884,1,29,LX,2020/7/17 11:48
97885,1,11,XM,2020/7/17 11:49
97886,1,48,QH,2020/7/17 11:55
97887,1,31,ZH,2020/7/17 11:57
97888,1,34,ZQ,2020/7/17 12:12
97889,1,38,XYH,2020/7/17 12:12
97890,1,45,ZJJ,2020/7/17 12:12
97891,1,12,GSH,2020/7/17 12:29
97892,1,48,QH,2020/7/17 12:38
97893,1,20,HQ,2020/7/17 13:54
97894,1,7,YZQ,2020/7/17 14:07
97895,1,12,GSH,2020/7/17 14:08
97896,1,40,LYW,2020/7/17 14:11
97897,1,32,LS,2020/7/17 15:03
97898,1,5,NL,2020/7/17 15:26
97899,1,11,XM,2020/7/17 17:24
97900,1,45,ZJJ,2020/7/17 17:26
97901,1,52,QF,2020/7/17 17:27
97902,1,51,WAC,2020/7/17 17:30
97903,1,31,ZH,2020/7/17 17:35
97904,1,13,FWB,2020/7/17 17:44
97905,1,30,LY,2020/7/17 17:44
97906,1,7,YZQ,2020/7/17 17:45
97907,1,12,GSH,2020/7/17 17:57
97908,1,48,QH,2020/7/17 17:58
97909,1,38,XYH,2020/7/17 18:01
97910,1,51,WAC,2020/7/17 18:03
97911,1,46,LZG,2020/7/17 18:04
97912,1,7,YZQ,2020/7/17 18:08
97913,1,34,ZQ,2020/7/17 18:11
97914,1,12,GSH,2020/7/17 18:29
97915,1,40,LYW,2020/7/17 19:11
97916,1,48,QH,2020/7/17 19:14
97917,1,5,NL,2020/7/17 19:19
97918,1,10,XX,2020/7/17 19:22
97919,1,12,GSH,2020/7/17 21:23
97920,1,20,HQ,2020/7/17 21:35
97921,1,7,YZQ,2020/7/17 21:36
97922,1,51,WAC,2020/7/17 21:38
97923,1,13,FWB,2020/7/17 21:40
97924,1,30,LY,2020/7/17 21:40
97925,1,11,XM,2020/7/17 22:06
97926,1,12,GSH,2020/7/17 22:08
97927,1,52,QF,2020/7/17 22:14
97928,1,34,ZQ,2020/7/17 22:17
97929,1,38,XYH,2020/7/17 22:26
97930,1,48,QH,2020/7/17 22:33
97931,1,45,ZJJ,2020/7/17 22:38
97932,1,31,ZH,2020/7/17 22:51
97933,1,46,LZG,2020/7/17 22:53
97934,1,5,NL,2020/7/18 0:00
97935,1,46,LZG,2020/7/18 8:57
97936,1,34,ZQ,2020/7/18 9:11
97937,1,45,ZJJ,2020/7/18 9:14
97938,1,38,XYH,2020/7/18 10:16
97939,1,12,GSH,2020/7/18 11:42
97940,1,46,LZG,2020/7/18 11:47
97941,1,45,ZJJ,2020/7/18 11:54
97942,1,29,LX,2020/7/18 11:56
97943,1,5,NL,2020/7/18 12:09
97944,1,34,ZQ,2020/7/18 12:12
97945,1,48,QH,2020/7/18 12:40
97946,1,30,LY,2020/7/18 13:08
97947,1,13,FWB,2020/7/18 13:08
97948,1,7,YZQ,2020/7/18 13:08
97949,1,38,XYH,2020/7/18 13:10
97950,1,5,NL,2020/7/18 14:22
97951,1,45,ZJJ,2020/7/18 16:32
97952,1,38,XYH,2020/7/18 17:26
97953,1,46,LZG,2020/7/18 17:35
97954,1,7,YZQ,2020/7/18 17:47
97955,1,30,LY,2020/7/18 17:48
97956,1,13,FWB,2020/7/18 17:48
97957,1,48,QH,2020/7/18 17:57
97958,1,38,XYH,2020/7/18 18:42
97959,1,31,ZH,2020/7/18 19:11
97960,1,5,NL,2020/7/18 20:29
97961,1,13,FWB,2020/7/18 21:54
97962,1,30,LY,2020/7/18 21:54
97963,1,46,LZG,2020/7/18 21:56
97964,1,34,ZQ,2020/7/18 22:16
97965,1,45,ZJJ,2020/7/18 22:31
97966,1,20,HQ,2020/7/18 22:33
97967,1,31,ZH,2020/7/18 23:21
97968,1,12,GSH,2020/7/18 23:44
97969,1,20,HQ,2020/7/19 8:28
97970,1,48,QH,2020/7/19 9:22
97971,1,38,XYH,2020/7/19 9:50
97972,1,29,LX,2020/7/19 11:18
97973,1,10,XX,2020/7/19 11:18
97974,1,48,QH,2020/7/19 12:06
97975,1,38,XYH,2020/7/19 12:08
97976,1,7,YZQ,2020/7/19 12:44
97977,1,48,QH,2020/7/19 12:45
97978,1,5,NL,2020/7/19 13:01
97979,1,52,QF,2020/7/19 13:23
97980,1,45,ZJJ,2020/7/19 14:03
97981,1,12,GSH,2020/7/19 14:29
97982,1,34,ZQ,2020/7/19 15:40
97983,1,5,NL,2020/7/19 17:14
97984,1,52,QF,2020/7/19 17:15
97985,1,51,WAC,2020/7/19 17:29
97986,1,7,YZQ,2020/7/19 17:41
97987,1,45,ZJJ,2020/7/19 17:52
97988,1,34,ZQ,2020/7/19 17:57
97989,1,10,XX,2020/7/19 18:03
97990,1,10,XX,2020/7/19 18:03
97991,1,29,LX,2020/7/19 18:03
97992,1,7,YZQ,2020/7/19 18:16
97993,1,12,GSH,2020/7/19 18:31
97994,1,31,ZH,2020/7/19 18:43
97995,1,12,GSH,2020/7/19 19:34
97996,1,7,YZQ,2020/7/19 20:13
97997,1,48,QH,2020/7/19 21:28
97998,1,51,WAC,2020/7/19 21:29
97999,1,38,XYH,2020/7/19 21:59
98000,1,10,XX,2020/7/19 22:24
98001,1,34,ZQ,2020/7/19 22:38
98002,1,31,ZH,2020/7/19 22:41
98003,1,45,ZJJ,2020/7/19 23:01
98004,1,12,GSH,2020/7/19 23:31
98005,1,5,NL,2020/7/19 23:58
98006,1,40,LYW,2020/7/20 7:47
98007,1,40,LYW,2020/7/20 7:48
98008,1,40,LYW,2020/7/20 7:48
98009,1,51,WAC,2020/7/20 8:00
98010,1,34,ZQ,2020/7/20 8:01
98011,1,38,XYH,2020/7/20 8:02
98012,1,31,ZH,2020/7/20 8:11
98013,1,11,XM,2020/7/20 8:18
98014,1,30,LY,2020/7/20 8:19
98015,1,13,FWB,2020/7/20 8:19
98016,1,45,ZJJ,2020/7/20 8:23
98017,1,7,YZQ,2020/7/20 8:28
98018,1,52,QF,2020/7/20 8:34
98019,1,29,LX,2020/7/20 8:56
98020,1,48,QH,2020/7/20 9:01
98021,1,10,XX,2020/7/20 9:09
98022,1,12,GSH,2020/7/20 9:14
98023,1,7,YZQ,2020/7/20 11:31
98024,1,51,WAC,2020/7/20 11:35
98025,1,32,LS,2020/7/20 11:37
98026,1,29,LX,2020/7/20 11:37
98027,1,13,FWB,2020/7/20 11:37
98028,1,30,LY,2020/7/20 11:37
98029,1,52,QF,2020/7/20 11:41
98030,1,31,ZH,2020/7/20 11:46
98031,1,45,ZJJ,2020/7/20 11:47
98032,1,48,QH,2020/7/20 11:55
98033,1,10,XX,2020/7/20 11:59
98034,1,10,XX,2020/7/20 11:59
98035,1,5,NL,2020/7/20 11:59
98036,1,34,ZQ,2020/7/20 12:03
98037,1,12,GSH,2020/7/20 12:03
98038,1,11,XM,2020/7/20 12:04
98039,1,38,XYH,2020/7/20 12:21
98040,1,40,LYW,2020/7/20 14:04
98041,1,7,YZQ,2020/7/20 14:15
98042,1,5,NL,2020/7/20 15:14
98043,1,32,LS,2020/7/20 16:37
98044,1,29,LX,2020/7/20 17:15
98045,1,37,TS,2020/7/20 17:18
98046,1,13,FWB,2020/7/20 17:23
98047,1,30,LY,2020/7/20 17:24
98048,1,45,ZJJ,2020/7/20 17:24
98049,1,20,HQ,2020/7/20 17:24
98050,1,31,ZH,2020/7/20 17:32
98051,1,52,QF,2020/7/20 17:38
98052,1,51,WAC,2020/7/20 17:39
98053,1,5,NL,2020/7/20 17:41
98054,1,10,XX,2020/7/20 17:42
98055,1,32,LS,2020/7/20 17:47
98056,1,29,LX,2020/7/20 17:47
98057,1,34,ZQ,2020/7/20 17:50
98058,1,40,LYW,2020/7/20 17:50
98059,1,11,XM,2020/7/20 17:57
98060,1,38,XYH,2020/7/20 17:59
98061,1,48,QH,2020/7/20 18:05
98062,1,48,QH,2020/7/20 18:37
98063,1,7,YZQ,2020/7/20 18:47
98064,1,38,XYH,2020/7/20 18:53
98065,1,7,YZQ,2020/7/20 19:22
98066,1,12,GSH,2020/7/20 19:34
98067,1,53,WJ,2020/7/20 20:03
98068,1,40,LYW,2020/7/20 21:03
98069,1,11,XM,2020/7/20 21:19
98070,1,51,WAC,2020/7/20 21:32
98071,1,25,CYR,2020/7/20 21:43
98072,1,52,QF,2020/7/20 21:48
98073,1,53,WJ,2020/7/20 22:02
98074,1,7,YZQ,2020/7/20 22:02
98075,1,37,TS,2020/7/20 22:02
98076,1,13,FWB,2020/7/20 22:26
98077,1,30,LY,2020/7/20 22:26
98078,1,38,XYH,2020/7/20 22:37
98079,1,20,HQ,2020/7/20 22:38
98080,1,45,ZJJ,2020/7/20 22:38
98081,1,34,ZQ,2020/7/20 22:44
98082,1,48,QH,2020/7/20 22:47
98083,1,31,ZH,2020/7/20 22:59
98084,1,10,XX,2020/7/20 23:04
98085,1,5,NL,2020/7/20 23:25
98086,1,32,LS,2020/7/20 23:43
98087,1,12,GSH,2020/7/20 23:43
98088,1,12,GSH,2020/7/20 23:46
98089,1,34,ZQ,2020/7/21 8:01
98090,1,53,WJ,2020/7/21 8:05
98091,1,26,HXY,2020/7/21 8:08
98092,1,37,TS,2020/7/21 8:10
98093,1,25,CYR,2020/7/21 8:14
98094,1,12,GSH,2020/7/21 8:14
98095,1,51,WAC,2020/7/21 8:15
98096,1,103,ZLX,2020/7/21 8:16
98097,1,11,XM,2020/7/21 8:21
98098,1,36,LXQ,2020/7/21 8:22
98099,1,4,WSY,2020/7/21 8:23
98100,1,31,ZH,2020/7/21 8:23
98101,1,45,ZJJ,2020/7/21 8:24
98102,1,20,HQ,2020/7/21 8:24
98103,1,13,FWB,2020/7/21 8:24
98104,1,30,LY,2020/7/21 8:25
98105,1,7,YZQ,2020/7/21 8:25
98106,1,38,XYH,2020/7/21 8:25
98107,1,40,LYW,2020/7/21 8:25
98108,1,48,QH,2020/7/21 8:28
98109,1,50,PQ,2020/7/21 8:33
98110,1,32,LS,2020/7/21 8:35
98111,1,12,GSH,2020/7/21 8:39
98112,1,49,CHZ,2020/7/21 8:57
98113,1,52,QF,2020/7/21 9:01
98114,1,12,GSH,2020/7/21 9:19
98115,1,10,XX,2020/7/21 9:25
98116,1,29,LX,2020/7/21 10:59
98117,1,38,XYH,2020/7/21 11:20
98118,1,20,HQ,2020/7/21 11:22
98119,1,32,LS,2020/7/21 11:27
98120,1,53,WJ,2020/7/21 11:28
98121,1,31,ZH,2020/7/21 11:29
98122,1,11,XM,2020/7/21 11:29
98123,1,40,LYW,2020/7/21 11:30
98124,1,25,CYR,2020/7/21 11:30
98125,1,34,ZQ,2020/7/21 11:30
98126,1,103,ZLX,2020/7/21 11:31
98127,1,36,LXQ,2020/7/21 11:34
98128,1,51,WAC,2020/7/21 11:36
98129,1,12,GSH,2020/7/21 11:41
98130,1,7,YZQ,2020/7/21 11:42
98131,1,48,QH,2020/7/21 11:44
98132,1,13,FWB,2020/7/21 11:45
98133,1,30,LY,2020/7/21 11:45
98134,1,45,ZJJ,2020/7/21 11:45
98135,1,37,TS,2020/7/21 11:46
98136,1,29,LX,2020/7/21 11:46
98137,1,32,LS,2020/7/21 11:47
98138,1,10,XX,2020/7/21 11:48
98139,1,49,CHZ,2020/7/21 11:48
98140,1,11,XM,2020/7/21 11:56
98141,1,34,ZQ,2020/7/21 11:59
98142,1,52,QF,2020/7/21 11:59
98143,1,4,WSY,2020/7/21 12:10
98144,1,38,XYH,2020/7/21 12:24
98145,1,5,NL,2020/7/21 12:31
98146,1,10,XX,2020/7/21 12:31
98147,1,49,CHZ,2020/7/21 12:33
98148,1,49,CHZ,2020/7/21 12:40
98149,1,32,LS,2020/7/21 12:51
98150,1,40,LYW,2020/7/21 14:07
98151,1,7,YZQ,2020/7/21 14:13
98152,1,53,WJ,2020/7/21 14:15
98153,1,50,PQ,2020/7/21 14:29
98154,1,12,GSH,2020/7/21 16:19
98155,1,45,ZJJ,2020/7/21 17:19
98156,1,20,HQ,2020/7/21 17:19
98157,1,4,WSY,2020/7/21 17:21
98158,1,11,XM,2020/7/21 17:29
98159,1,50,PQ,2020/7/21 17:31
98160,1,51,WAC,2020/7/21 17:33
98161,1,32,LS,2020/7/21 17:33
98162,1,31,ZH,2020/7/21 17:35
98163,1,40,LYW,2020/7/21 17:36
98164,1,25,CYR,2020/7/21 17:36
98165,1,13,FWB,2020/7/21 17:38
98166,1,30,LY,2020/7/21 17:38
98167,1,26,HXY,2020/7/21 17:41
98168,1,53,WJ,2020/7/21 17:41
98169,1,103,ZLX,2020/7/21 17:41
98170,1,7,YZQ,2020/7/21 17:45
98171,1,36,LXQ,2020/7/21 17:49
98172,1,12,GSH,2020/7/21 17:50
98173,1,52,QF,2020/7/21 17:53
98174,1,32,LS,2020/7/21 18:00
98175,1,29,LX,2020/7/21 18:00
98176,1,25,CYR,2020/7/21 18:03
98177,1,40,LYW,2020/7/21 18:03
98178,1,10,XX,2020/7/21 18:05
98179,1,49,CHZ,2020/7/21 18:05
98180,1,5,NL,2020/7/21 18:05
98181,1,48,QH,2020/7/21 18:06
98182,1,34,ZQ,2020/7/21 18:08
98183,1,7,YZQ,2020/7/21 18:16
98184,1,12,GSH,2020/7/21 18:25
98185,1,12,GSH,2020/7/21 18:28
98186,1,53,WJ,2020/7/21 18:39
98187,1,38,XYH,2020/7/21 19:02
98188,1,37,TS,2020/7/21 19:23
98189,1,26,HXY,2020/7/21 21:05
98190,1,40,LYW,2020/7/21 21:12
98191,1,25,CYR,2020/7/21 21:21
98192,1,36,LXQ,2020/7/21 21:24
98193,1,40,LYW,2020/7/21 21:27
98194,1,11,XM,2020/7/21 21:32
98195,1,51,WAC,2020/7/21 21:32
98196,1,7,YZQ,2020/7/21 21:35
98197,1,50,PQ,2020/7/21 21:51
98198,1,4,WSY,2020/7/21 21:51
98199,1,52,QF,2020/7/21 21:59
98200,1,53,WJ,2020/7/21 22:20
98201,1,103,ZLX,2020/7/21 22:20
98202,1,30,LY,2020/7/21 22:21
98203,1,34,ZQ,2020/7/21 22:43
98204,1,10,XX,2020/7/21 22:48
98205,1,37,TS,2020/7/21 22:54
98206,1,32,LS,2020/7/21 22:59
98207,1,32,LS,2020/7/21 23:00
98208,1,49,CHZ,2020/7/21 23:11
98209,1,20,HQ,2020/7/21 23:13
98210,1,31,ZH,2020/7/21 23:13
98211,1,45,ZJJ,2020/7/21 23:14
98212,1,38,XYH,2020/7/21 23:17
98213,1,45,ZJJ,2020/7/21 23:22
98214,1,48,QH,2020/7/21 23:40
98215,1,5,NL,2020/7/21 23:53
98216,1,12,GSH,2020/7/22 0:18
98217,1,13,FWB,2020/7/22 3:15
98218,1,53,WJ,2020/7/22 7:52
98219,1,26,HXY,2020/7/22 8:00
98220,1,38,XYH,2020/7/22 8:08
98221,1,51,WAC,2020/7/22 8:09
98222,1,40,LYW,2020/7/22 8:10
98223,1,31,ZH,2020/7/22 8:13
98224,1,36,LXQ,2020/7/22 8:15
98225,1,20,HQ,2020/7/22 8:15
98226,1,34,ZQ,2020/7/22 8:17
98227,1,25,CYR,2020/7/22 8:18
98228,1,13,FWB,2020/7/22 8:21
98229,1,30,LY,2020/7/22 8:21
98230,1,11,XM,2020/7/22 8:22
98231,1,37,TS,2020/7/22 8:24
98232,1,10,XX,2020/7/22 8:25
98233,1,45,ZJJ,2020/7/22 8:26
98234,1,4,WSY,2020/7/22 8:27
98235,1,7,YZQ,2020/7/22 8:28
98236,1,103,ZLX,2020/7/22 8:30
98237,1,32,LS,2020/7/22 8:30
98238,1,52,QF,2020/7/22 8:35
98239,1,50,PQ,2020/7/22 8:44
98240,1,48,QH,2020/7/22 8:45
98241,1,29,LX,2020/7/22 8:54
98242,1,49,CHZ,2020/7/22 8:57
98243,1,11,XM,2020/7/22 11:26
98244,1,36,LXQ,2020/7/22 11:30
98245,1,7,YZQ,2020/7/22 11:33
98246,1,31,ZH,2020/7/22 11:40
98247,1,45,ZJJ,2020/7/22 11:40
98248,1,30,LY,2020/7/22 11:42
98249,1,103,ZLX,2020/7/22 11:44
98250,1,26,HXY,2020/7/22 11:49
98251,1,50,PQ,2020/7/22 11:49
98252,1,10,XX,2020/7/22 11:49
98253,1,52,QF,2020/7/22 11:50
98254,1,34,ZQ,2020/7/22 11:55
98255,1,4,WSY,2020/7/22 11:57
98256,1,32,LS,2020/7/22 12:03
98257,1,48,QH,2020/7/22 12:05
98258,1,29,LX,2020/7/22 12:05
98259,1,53,WJ,2020/7/22 12:07
98260,1,38,XYH,2020/7/22 12:36
98261,1,20,HQ,2020/7/22 12:36
98262,1,5,NL,2020/7/22 12:41
98263,1,13,FWB,2020/7/22 12:44
98264,1,10,XX,2020/7/22 12:45
98265,1,40,LYW,2020/7/22 13:56
98266,1,7,YZQ,2020/7/22 14:07
98267,1,53,WJ,2020/7/22 14:10
98268,1,51,WAC,2020/7/22 14:13
98269,1,37,TS,2020/7/22 14:22
98270,1,12,GSH,2020/7/22 14:30
98271,1,49,CHZ,2020/7/22 17:15
98272,1,50,PQ,2020/7/22 17:15
98273,1,12,GSH,2020/7/22 17:16
98274,1,50,PQ,2020/7/22 17:18
98275,1,31,ZH,2020/7/22 17:20
98276,1,13,FWB,2020/7/22 17:20
98277,1,45,ZJJ,2020/7/22 17:20
98278,1,11,XM,2020/7/22 17:20
98279,1,52,QF,2020/7/22 17:20
98280,1,30,LY,2020/7/22 17:21
98281,1,5,NL,2020/7/22 17:25
98282,1,26,HXY,2020/7/22 17:25
98283,1,4,WSY,2020/7/22 17:25
98284,1,29,LX,2020/7/22 17:26
98285,1,32,LS,2020/7/22 17:26
98286,1,51,WAC,2020/7/22 17:26
98287,1,25,CYR,2020/7/22 17:29
98288,1,40,LYW,2020/7/22 17:30
98289,1,103,ZLX,2020/7/22 17:30
98290,1,53,WJ,2020/7/22 17:30
98291,1,34,ZQ,2020/7/22 17:30
98292,1,36,LXQ,2020/7/22 17:36
98293,1,29,LX,2020/7/22 17:39
98294,1,48,QH,2020/7/22 17:49
98295,1,7,YZQ,2020/7/22 18:09
98296,1,38,XYH,2020/7/22 18:24
98297,1,48,QH,2020/7/22 18:43
98298,1,7,YZQ,2020/7/22 18:44
98299,1,12,GSH,2020/7/22 18:46
98300,1,53,WJ,2020/7/22 18:55
98301,1,103,ZLX,2020/7/22 18:55
98302,1,37,TS,2020/7/22 18:58
98303,1,12,GSH,2020/7/22 19:07
98304,1,5,NL,2020/7/22 19:41
98305,1,40,LYW,2020/7/22 21:01
98306,1,26,HXY,2020/7/22 21:01
98307,1,13,FWB,2020/7/22 21:02
98308,1,37,TS,2020/7/22 21:12
98309,1,11,XM,2020/7/22 21:14
98310,1,51,WAC,2020/7/22 21:18
98311,1,50,PQ,2020/7/22 21:43
98312,1,7,YZQ,2020/7/22 21:45
98313,1,36,LXQ,2020/7/22 21:47
98314,1,48,QH,2020/7/22 21:59
98315,1,53,WJ,2020/7/22 22:01
98316,1,52,QF,2020/7/22 22:01
98317,1,4,WSY,2020/7/22 22:18
98318,1,10,XX,2020/7/22 22:36
98319,1,49,CHZ,2020/7/22 22:38
98320,1,5,NL,2020/7/22 22:38
98321,1,34,ZQ,2020/7/22 22:50
98322,1,31,ZH,2020/7/22 22:50
98323,1,103,ZLX,2020/7/22 22:57
98324,1,38,XYH,2020/7/22 22:58
98325,1,12,GSH,2020/7/22 23:12
98326,1,20,HQ,2020/7/22 23:17
98327,1,30,LY,2020/7/22 23:19
98328,1,45,ZJJ,2020/7/22 23:19
98329,1,34,ZQ,2020/7/23 7:59
98330,1,51,WAC,2020/7/23 8:03
98331,1,31,ZH,2020/7/23 8:03
98332,1,53,WJ,2020/7/23 8:05
98333,1,26,HXY,2020/7/23 8:07
98334,1,38,XYH,2020/7/23 8:10
98335,1,40,LYW,2020/7/23 8:16
98336,1,25,CYR,2020/7/23 8:19
98337,1,103,ZLX,2020/7/23 8:22
98338,1,13,FWB,2020/7/23 8:23
98339,1,30,LY,2020/7/23 8:23
98340,1,11,XM,2020/7/23 8:23
98341,1,4,WSY,2020/7/23 8:23
98342,1,37,TS,2020/7/23 8:24
98343,1,45,ZJJ,2020/7/23 8:24
98344,1,20,HQ,2020/7/23 8:24
98345,1,10,XX,2020/7/23 8:26
98346,1,7,YZQ,2020/7/23 8:26
98347,1,36,LXQ,2020/7/23 8:28
98348,1,50,PQ,2020/7/23 8:29
98349,1,46,LZG,2020/7/23 8:29
98350,1,49,CHZ,2020/7/23 8:32
98351,1,48,QH,2020/7/23 8:33
98352,1,52,QF,2020/7/23 8:34
98353,1,32,LS,2020/7/23 8:36
98354,1,29,LX,2020/7/23 9:43
98355,1,12,GSH,2020/7/23 10:21
98356,1,5,NL,2020/7/23 10:50
98357,1,31,ZH,2020/7/23 11:23
98358,1,32,LS,2020/7/23 11:24
98359,1,26,HXY,2020/7/23 11:28
98360,1,29,LX,2020/7/23 11:29
98361,1,48,QH,2020/7/23 11:29
98362,1,20,HQ,2020/7/23 11:29
98363,1,45,ZJJ,2020/7/23 11:30
98364,1,40,LYW,2020/7/23 11:30
98365,1,25,CYR,2020/7/23 11:30
98366,1,7,YZQ,2020/7/23 11:31
98367,1,38,XYH,2020/7/23 11:35
98368,1,52,QF,2020/7/23 11:39
98369,1,13,FWB,2020/7/23 11:39
98370,1,30,LY,2020/7/23 11:39
98371,1,11,XM,2020/7/23 11:44
98372,1,4,WSY,2020/7/23 11:47
98373,1,46,LZG,2020/7/23 11:50
98374,1,32,LS,2020/7/23 11:51
98375,1,25,CYR,2020/7/23 11:53
98376,1,49,CHZ,2020/7/23 11:58
98377,1,53,WJ,2020/7/23 11:59
98378,1,103,ZLX,2020/7/23 11:59
98379,1,50,PQ,2020/7/23 11:59
98380,1,10,XX,2020/7/23 12:02
98381,1,10,XX,2020/7/23 12:02
98382,1,12,GSH,2020/7/23 12:06
98383,1,34,ZQ,2020/7/23 12:16
98384,1,48,QH,2020/7/23 12:21
98385,1,12,GSH,2020/7/23 12:23
98386,1,49,CHZ,2020/7/23 12:41
98387,1,7,YZQ,2020/7/23 14:14
98388,1,36,LXQ,2020/7/23 14:18
98389,1,51,WAC,2020/7/23 14:18
98390,1,37,TS,2020/7/23 14:18
98391,1,40,LYW,2020/7/23 14:33
98392,1,50,PQ,2020/7/23 15:28
98393,1,12,GSH,2020/7/23 17:00
98394,1,36,LXQ,2020/7/23 17:19
98395,1,40,LYW,2020/7/23 17:26
98396,1,25,CYR,2020/7/23 17:26
98397,1,31,ZH,2020/7/23 17:26
98398,1,51,WAC,2020/7/23 17:26
98399,1,32,LS,2020/7/23 17:28
98400,1,29,LX,2020/7/23 17:28
98401,1,4,WSY,2020/7/23 17:29
98402,1,7,YZQ,2020/7/23 17:30
98403,1,26,HXY,2020/7/23 17:32
98404,1,48,QH,2020/7/23 17:32
98405,1,13,FWB,2020/7/23 17:33
98406,1,45,ZJJ,2020/7/23 17:33
98407,1,30,LY,2020/7/23 17:33
98408,1,103,ZLX,2020/7/23 17:35
98409,1,53,WJ,2020/7/23 17:35
98410,1,11,XM,2020/7/23 17:38
98411,1,52,QF,2020/7/23 17:41
98412,1,32,LS,2020/7/23 17:59
98413,1,38,XYH,2020/7/23 17:59
98414,1,7,YZQ,2020/7/23 18:01
98415,1,34,ZQ,2020/7/23 18:06
98416,1,5,NL,2020/7/23 18:10
98417,1,36,LXQ,2020/7/23 18:12
98418,1,37,TS,2020/7/23 18:12
98419,1,53,WJ,2020/7/23 18:16
98420,1,49,CHZ,2020/7/23 18:42
98421,1,46,LZG,2020/7/23 19:14
98422,1,12,GSH,2020/7/23 19:53
98423,1,29,LX,2020/7/23 20:01
98424,1,36,LXQ,2020/7/23 21:02
98425,1,29,LX,2020/7/23 21:08
98426,1,26,HXY,2020/7/23 21:17
98427,1,48,QH,2020/7/23 21:17
98428,1,11,XM,2020/7/23 21:19
98429,1,40,LYW,2020/7/23 21:25
98430,1,25,CYR,2020/7/23 21:30
98431,1,51,WAC,2020/7/23 21:31
98432,1,37,TS,2020/7/23 21:39
98433,1,52,QF,2020/7/23 21:45
98434,1,53,WJ,2020/7/23 21:48
98435,1,13,FWB,2020/7/23 21:51
98436,1,30,LY,2020/7/23 21:51
98437,1,4,WSY,2020/7/23 21:54
98438,1,29,LX,2020/7/23 21:58
98439,1,50,PQ,2020/7/23 22:16
98440,1,20,HQ,2020/7/23 22:20
98441,1,45,ZJJ,2020/7/23 22:20
98442,1,34,ZQ,2020/7/23 22:30
98443,1,31,ZH,2020/7/23 22:36
98444,1,103,ZLX,2020/7/23 22:44
98445,1,10,XX,2020/7/23 22:45
98446,1,49,CHZ,2020/7/23 22:45
98447,1,32,LS,2020/7/23 22:46
98448,1,38,XYH,2020/7/23 22:46
98449,1,46,LZG,2020/7/23 22:47
98450,1,7,YZQ,2020/7/23 22:58
98451,1,12,GSH,2020/7/23 23:49
98452,1,5,NL,2020/7/24 0:19
98453,1,12,GSH,2020/7/24 0:49
98454,1,34,ZQ,2020/7/24 7:57
98455,1,51,WAC,2020/7/24 8:01
98456,1,46,LZG,2020/7/24 8:03
98457,1,46,LZG,2020/7/24 8:03
98458,1,53,WJ,2020/7/24 8:08
98459,1,11,XM,2020/7/24 8:17
98460,1,29,LX,2020/7/24 8:18
98461,1,32,LS,2020/7/24 8:19
98462,1,38,XYH,2020/7/24 8:19
98463,1,26,HXY,2020/7/24 8:20
98464,1,4,WSY,2020/7/24 8:20
98465,1,37,TS,2020/7/24 8:21
98466,1,30,LY,2020/7/24 8:22
98467,1,13,FWB,2020/7/24 8:22
98468,1,25,CYR,2020/7/24 8:23
98469,1,45,ZJJ,2020/7/24 8:25
98470,1,103,ZLX,2020/7/24 8:28
98471,1,7,YZQ,2020/7/24 8:28
98472,1,49,CHZ,2020/7/24 8:30
98473,1,40,LYW,2020/7/24 8:30
98474,1,50,PQ,2020/7/24 8:38
98475,1,31,ZH,2020/7/24 8:58
98476,1,10,XX,2020/7/24 9:02
98477,1,48,QH,2020/7/24 9:11
98478,1,52,QF,2020/7/24 9:13
98479,1,32,LS,2020/7/24 11:13
98480,1,29,LX,2020/7/24 11:13
98481,1,11,XM,2020/7/24 11:19
98482,1,40,LYW,2020/7/24 11:25
98483,1,25,CYR,2020/7/24 11:25
98484,1,51,WAC,2020/7/24 11:30
98485,1,52,QF,2020/7/24 11:38
98486,1,26,HXY,2020/7/24 11:39
98487,1,31,ZH,2020/7/24 11:43
98488,1,38,XYH,2020/7/24 11:44
98489,1,53,WJ,2020/7/24 11:44
98490,1,53,WJ,2020/7/24 11:44
98491,1,13,FWB,2020/7/24 11:44
98492,1,30,LY,2020/7/24 11:44
98493,1,4,WSY,2020/7/24 11:46
98494,1,25,CYR,2020/7/24 11:48
98495,1,48,QH,2020/7/24 11:48
98496,1,50,PQ,2020/7/24 11:51
98497,1,5,NL,2020/7/24 11:51
98498,1,34,ZQ,2020/7/24 11:53
98499,1,20,HQ,2020/7/24 11:59
98500,1,45,ZJJ,2020/7/24 11:59
98501,1,103,ZLX,2020/7/24 12:25
98502,1,38,XYH,2020/7/24 12:28
98503,1,46,LZG,2020/7/24 12:30
98504,1,7,YZQ,2020/7/24 12:44
98505,1,49,CHZ,2020/7/24 13:36
98506,1,29,LX,2020/7/24 14:04
98507,1,37,TS,2020/7/24 14:13
98508,1,53,WJ,2020/7/24 14:20
98509,1,7,YZQ,2020/7/24 14:28
98510,1,5,NL,2020/7/24 14:56
98511,1,36,LXQ,2020/7/24 15:00
98512,1,32,LS,2020/7/24 15:02
98513,1,50,PQ,2020/7/24 15:27
98514,1,12,GSH,2020/7/24 15:37
98515,1,10,XX,2020/7/24 16:44
98516,1,12,GSH,2020/7/24 17:20
98517,1,52,QF,2020/7/24 17:21
98518,1,29,LX,2020/7/24 17:21
98519,1,11,XM,2020/7/24 17:21
98520,1,25,CYR,2020/7/24 17:26
98521,1,37,TS,2020/7/24 17:29
98522,1,51,WAC,2020/7/24 17:37
98523,1,4,WSY,2020/7/24 17:50
98524,1,13,FWB,2020/7/24 17:52
98525,1,30,LY,2020/7/24 17:52
98526,1,48,QH,2020/7/24 17:52
98527,1,53,WJ,2020/7/24 17:54
98528,1,103,ZLX,2020/7/24 17:55
98529,1,49,CHZ,2020/7/24 17:56
98530,1,45,ZJJ,2020/7/24 18:07
98531,1,31,ZH,2020/7/24 18:13
98532,1,7,YZQ,2020/7/24 18:15
98533,1,12,GSH,2020/7/24 18:25
98534,1,34,ZQ,2020/7/24 18:36
98535,1,5,NL,2020/7/24 18:37
98536,1,53,WJ,2020/7/24 18:51
98537,1,7,YZQ,2020/7/24 18:56
98538,1,49,CHZ,2020/7/24 19:06
98539,1,12,GSH,2020/7/24 19:19
98540,1,36,LXQ,2020/7/24 19:37
98541,1,25,CYR,2020/7/24 21:07
98542,1,26,HXY,2020/7/24 21:16
98543,1,13,FWB,2020/7/24 21:32
98544,1,11,XM,2020/7/24 21:35
98545,1,51,WAC,2020/7/24 21:40
98546,1,52,QF,2020/7/24 21:47
98547,1,46,LZG,2020/7/24 21:48
98548,1,29,LX,2020/7/24 21:48
98549,1,53,WJ,2020/7/24 21:51
98550,1,34,ZQ,2020/7/24 21:54
98551,1,7,YZQ,2020/7/24 22:05
98552,1,36,LXQ,2020/7/24 22:07
98553,1,37,TS,2020/7/24 22:14
98554,1,103,ZLX,2020/7/24 22:15
98555,1,40,LYW,2020/7/24 22:15
98556,1,48,QH,2020/7/24 22:21
98557,1,31,ZH,2020/7/24 22:24
98558,1,50,PQ,2020/7/24 22:30
98559,1,30,LY,2020/7/24 22:47
98560,1,49,CHZ,2020/7/24 22:54
98561,1,4,WSY,2020/7/24 23:18
98562,1,45,ZJJ,2020/7/24 23:26
98563,1,20,HQ,2020/7/24 23:27
98564,1,38,XYH,2020/7/24 23:32
98565,1,12,GSH,2020/7/24 23:48
98566,1,12,GSH,2020/7/25 0:12
98567,1,4,WSY,2020/7/25 8:30
98568,1,38,XYH,2020/7/25 8:33
98569,1,46,LZG,2020/7/25 8:55
98570,1,103,ZLX,2020/7/25 9:16
98571,1,26,HXY,2020/7/25 9:34
98572,1,49,CHZ,2020/7/25 9:47
98573,1,11,XM,2020/7/25 9:50
98574,1,50,PQ,2020/7/25 9:59
98575,1,29,LX,2020/7/25 10:13
98576,1,37,TS,2020/7/25 10:14
98577,1,52,QF,2020/7/25 11:30
98578,1,29,LX,2020/7/25 11:36
98579,1,13,FWB,2020/7/25 11:41
98580,1,30,LY,2020/7/25 11:41
98581,1,11,XM,2020/7/25 11:42
98582,1,4,WSY,2020/7/25 11:44
98583,1,25,CYR,2020/7/25 11:44
98584,1,40,LYW,2020/7/25 11:45
98585,1,7,YZQ,2020/7/25 11:48
98586,1,5,NL,2020/7/25 11:48
98587,1,26,HXY,2020/7/25 11:50
98588,1,38,XYH,2020/7/25 11:55
98589,1,20,HQ,2020/7/25 11:55
98590,1,46,LZG,2020/7/25 11:56
98591,1,36,LXQ,2020/7/25 12:21
98592,1,103,ZLX,2020/7/25 12:27
98593,1,38,XYH,2020/7/25 12:34
98594,1,48,QH,2020/7/25 12:37
98595,1,45,ZJJ,2020/7/25 13:59
98596,1,103,ZLX,2020/7/25 14:50
98597,1,40,LYW,2020/7/25 15:43
98598,1,52,QF,2020/7/25 15:52
98599,1,34,ZQ,2020/7/25 16:31
98600,1,36,LXQ,2020/7/25 16:37
98601,1,11,XM,2020/7/25 16:50
98602,1,13,FWB,2020/7/25 16:57
98603,1,30,LY,2020/7/25 16:57
98604,1,26,HXY,2020/7/25 17:22
98605,1,25,CYR,2020/7/25 17:25
98606,1,45,ZJJ,2020/7/25 17:36
98607,1,48,QH,2020/7/25 17:50
98608,1,7,YZQ,2020/7/25 17:50
98609,1,36,LXQ,2020/7/25 17:54
98610,1,103,ZLX,2020/7/25 17:58
98611,1,29,LX,2020/7/25 17:59
98612,1,5,NL,2020/7/25 18:10
98613,1,49,CHZ,2020/7/25 18:10
98614,1,46,LZG,2020/7/25 18:20
98615,1,50,PQ,2020/7/25 18:31
98616,1,7,YZQ,2020/7/25 18:33
98617,1,29,LX,2020/7/25 18:36
98618,1,53,WJ,2020/7/25 18:42
98619,1,38,XYH,2020/7/25 18:57
98620,1,4,WSY,2020/7/25 18:58
98621,1,40,LYW,2020/7/25 19:05
98622,1,31,ZH,2020/7/25 19:12
98623,1,36,LXQ,2020/7/25 19:30
98624,1,12,GSH,2020/7/25 19:31
98625,1,37,TS,2020/7/25 19:51
98626,1,25,CYR,2020/7/25 21:05
98627,1,26,HXY,2020/7/25 21:11
98628,1,53,WJ,2020/7/25 21:35
98629,1,7,YZQ,2020/7/25 21:38
98630,1,4,WSY,2020/7/25 21:39
98631,1,36,LXQ,2020/7/25 21:47
98632,1,12,GSH,2020/7/25 21:53
98633,1,103,ZLX,2020/7/25 22:27
98634,1,31,ZH,2020/7/25 22:27
98635,1,36,LXQ,2020/7/25 22:32
98636,1,30,LY,2020/7/25 22:48
98637,1,38,XYH,2020/7/25 22:48
98638,1,34,ZQ,2020/7/25 23:00
98639,1,49,CHZ,2020/7/25 23:12
98640,1,50,PQ,2020/7/25 23:18
98641,1,5,NL,2020/7/25 23:51
98642,1,4,WSY,2020/7/26 8:30
98643,1,49,CHZ,2020/7/26 9:28
98644,1,29,LX,2020/7/26 9:41
98645,1,34,ZQ,2020/7/26 10:47
98646,1,5,NL,2020/7/26 10:50
98647,1,38,XYH,2020/7/26 11:24
98648,1,26,HXY,2020/7/26 11:41
98649,1,4,WSY,2020/7/26 12:00
98650,1,46,LZG,2020/7/26 12:05
98651,1,51,WAC,2020/7/26 12:22
98652,1,7,YZQ,2020/7/26 12:38
98653,1,49,CHZ,2020/7/26 12:43
98654,1,36,LXQ,2020/7/26 12:58
98655,1,48,QH,2020/7/26 13:01
98656,1,50,PQ,2020/7/26 13:02
98657,1,13,FWB,2020/7/26 13:18
98658,1,30,LY,2020/7/26 13:18
98659,1,31,ZH,2020/7/26 15:00
98660,1,10,XX,2020/7/26 15:03
98661,1,36,LXQ,2020/7/26 16:06
98662,1,29,LX,2020/7/26 16:10
98663,1,37,TS,2020/7/26 16:22
98664,1,13,FWB,2020/7/26 17:37
98665,1,30,LY,2020/7/26 17:37
98666,1,38,XYH,2020/7/26 17:44
98667,1,48,QH,2020/7/26 17:50
98668,1,7,YZQ,2020/7/26 18:00
98669,1,46,LZG,2020/7/26 18:03
98670,1,49,CHZ,2020/7/26 18:13
98671,1,10,XX,2020/7/26 18:13
98672,1,34,ZQ,2020/7/26 18:18
98673,1,103,ZLX,2020/7/26 18:32
98674,1,7,YZQ,2020/7/26 18:37
98675,1,31,ZH,2020/7/26 18:38
98676,1,51,WAC,2020/7/26 18:38
98677,1,36,LXQ,2020/7/26 18:47
98678,1,50,PQ,2020/7/26 19:14
98679,1,5,NL,2020/7/26 19:36
98680,1,26,HXY,2020/7/26 19:49
98681,1,4,WSY,2020/7/26 20:11
98682,1,30,LY,2020/7/26 20:30
98683,1,13,FWB,2020/7/26 20:30
98684,1,37,TS,2020/7/26 20:50
98685,1,25,CYR,2020/7/26 21:02
98686,1,51,WAC,2020/7/26 21:23
98687,1,49,CHZ,2020/7/26 21:39
98688,1,31,ZH,2020/7/26 21:51
98689,1,103,ZLX,2020/7/26 21:56
98690,1,34,ZQ,2020/7/26 22:10
98691,1,7,YZQ,2020/7/26 22:32
98692,1,46,LZG,2020/7/26 23:06
98693,1,20,HQ,2020/7/26 23:22
98694,1,10,XX,2020/7/27 0:31
98695,1,38,XYH,2020/7/27 0:47
98696,1,34,ZQ,2020/7/27 8:06
98697,1,4,WSY,2020/7/27 8:09
98698,1,26,HXY,2020/7/27 8:12
98699,1,53,WJ,2020/7/27 8:19
98700,1,103,ZLX,2020/7/27 8:19
98701,1,11,XM,2020/7/27 8:20
98702,1,20,HQ,2020/7/27 8:20
98703,1,31,ZH,2020/7/27 8:21
98704,1,40,LYW,2020/7/27 8:21
98705,1,51,WAC,2020/7/27 8:22
98706,1,37,TS,2020/7/27 8:23
98707,1,38,XYH,2020/7/27 8:25
98708,1,25,CYR,2020/7/27 8:26
98709,1,30,LY,2020/7/27 8:26
98710,1,13,FWB,2020/7/27 8:26
98711,1,36,LXQ,2020/7/27 8:26
98712,1,46,LZG,2020/7/27 8:27
98713,1,45,ZJJ,2020/7/27 8:31
98714,1,49,CHZ,2020/7/27 8:35
98715,1,7,YZQ,2020/7/27 8:42
98716,1,52,QF,2020/7/27 8:46
98717,1,10,XX,2020/7/27 8:59
98718,1,50,PQ,2020/7/27 9:06
98719,1,29,LX,2020/7/27 9:20
98720,1,48,QH,2020/7/27 10:16
98721,1,52,QF,2020/7/27 11:24
98722,1,10,XX,2020/7/27 11:24
98723,1,11,XM,2020/7/27 11:26
98724,1,31,ZH,2020/7/27 11:26
98725,1,29,LX,2020/7/27 11:28
98726,1,30,LY,2020/7/27 11:34
98727,1,13,FWB,2020/7/27 11:34
98728,1,51,WAC,2020/7/27 11:34
98729,1,40,LYW,2020/7/27 11:37
98730,1,25,CYR,2020/7/27 11:37
98731,1,7,YZQ,2020/7/27 11:37
98732,1,53,WJ,2020/7/27 11:38
98733,1,103,ZLX,2020/7/27 11:38
98734,1,29,LX,2020/7/27 11:38
98735,1,20,HQ,2020/7/27 11:39
98736,1,45,ZJJ,2020/7/27 11:39
98737,1,32,LS,2020/7/27 11:43
98738,1,38,XYH,2020/7/27 11:46
98739,1,49,CHZ,2020/7/27 11:51
98740,1,4,WSY,2020/7/27 11:52
98741,1,46,LZG,2020/7/27 11:53
98742,1,26,HXY,2020/7/27 11:56
98743,1,34,ZQ,2020/7/27 12:00
98744,1,50,PQ,2020/7/27 12:09
98745,1,48,QH,2020/7/27 12:13
98746,1,38,XYH,2020/7/27 12:43
98747,1,40,LYW,2020/7/27 14:00
98748,1,7,YZQ,2020/7/27 14:11
98749,1,53,WJ,2020/7/27 14:26
98750,1,37,TS,2020/7/27 14:27
98751,1,29,LX,2020/7/27 15:24
98752,1,50,PQ,2020/7/27 16:22
98753,1,12,GSH,2020/7/27 16:52
98754,1,32,LS,2020/7/27 17:11
98755,1,45,ZJJ,2020/7/27 17:25
98756,1,20,HQ,2020/7/27 17:25
98757,1,11,XM,2020/7/27 17:26
98758,1,32,LS,2020/7/27 17:33
98759,1,29,LX,2020/7/27 17:33
98760,1,13,FWB,2020/7/27 17:33
98761,1,30,LY,2020/7/27 17:33
98762,1,7,YZQ,2020/7/27 17:34
98763,1,26,HXY,2020/7/27 17:35
98764,1,40,LYW,2020/7/27 17:37
98765,1,51,WAC,2020/7/27 17:38
98766,1,103,ZLX,2020/7/27 17:48
98767,1,36,LXQ,2020/7/27 17:48
98768,1,46,LZG,2020/7/27 17:49
98769,1,52,QF,2020/7/27 17:56
98770,1,34,ZQ,2020/7/27 17:58
98771,1,7,YZQ,2020/7/27 18:06
98772,1,48,QH,2020/7/27 18:06
98773,1,31,ZH,2020/7/27 18:09
98774,1,4,WSY,2020/7/27 18:12
98775,1,37,TS,2020/7/27 18:14
98776,1,53,WJ,2020/7/27 18:55
98777,1,49,CHZ,2020/7/27 18:57
98778,1,38,XYH,2020/7/27 18:57
98779,1,12,GSH,2020/7/27 19:30
98780,1,12,GSH,2020/7/27 21:06
98781,1,26,HXY,2020/7/27 21:07
98782,1,11,XM,2020/7/27 21:15
98783,1,37,TS,2020/7/27 21:22
98784,1,50,PQ,2020/7/27 21:29
98785,1,40,LYW,2020/7/27 21:31
98786,1,29,LX,2020/7/27 21:33
98787,1,29,LX,2020/7/27 21:33
98788,1,25,CYR,2020/7/27 21:34
98789,1,7,YZQ,2020/7/27 21:35
98790,1,36,LXQ,2020/7/27 21:42
98791,1,48,QH,2020/7/27 21:44
98792,1,52,QF,2020/7/27 21:46
98793,1,13,FWB,2020/7/27 21:56
98794,1,51,WAC,2020/7/27 22:08
98795,1,34,ZQ,2020/7/27 22:16
98796,1,30,LY,2020/7/27 22:37
98797,1,53,WJ,2020/7/27 22:39
98798,1,103,ZLX,2020/7/27 22:39
98799,1,12,GSH,2020/7/27 22:39
98800,1,10,XX,2020/7/27 22:44
98801,1,31,ZH,2020/7/27 22:45
98802,1,49,CHZ,2020/7/27 22:45
98803,1,46,LZG,2020/7/27 22:45
98804,1,46,LZG,2020/7/27 22:46
98805,1,4,WSY,2020/7/27 22:46
98806,1,5,NL,2020/7/27 22:48
98807,1,45,ZJJ,2020/7/27 22:50
98808,1,32,LS,2020/7/27 22:51
98809,1,38,XYH,2020/7/27 22:52
98810,1,26,HXY,2020/7/28 8:04
98811,1,4,WSY,2020/7/28 8:08
98812,1,34,ZQ,2020/7/28 8:12
98813,1,53,WJ,2020/7/28 8:16
98814,1,36,LXQ,2020/7/28 8:19
98815,1,37,TS,2020/7/28 8:19
98816,1,31,ZH,2020/7/28 8:19
98817,1,10,XX,2020/7/28 8:22
98818,1,13,FWB,2020/7/28 8:23
98819,1,45,ZJJ,2020/7/28 8:23
98820,1,30,LY,2020/7/28 8:23
98821,1,11,XM,2020/7/28 8:25
98822,1,40,LYW,2020/7/28 8:25
98823,1,103,ZLX,2020/7/28 8:25
98824,1,25,CYR,2020/7/28 8:26
98825,1,32,LS,2020/7/28 8:27
98826,1,38,XYH,2020/7/28 8:27
98827,1,46,LZG,2020/7/28 8:28
98828,1,49,CHZ,2020/7/28 8:31
98829,1,7,YZQ,2020/7/28 8:31
98830,1,50,PQ,2020/7/28 8:44
98831,1,52,QF,2020/7/28 8:47
98832,1,12,GSH,2020/7/28 8:54
98833,1,29,LX,2020/7/28 8:55
98834,1,51,WAC,2020/7/28 9:18
98835,1,5,NL,2020/7/28 9:25
98836,1,48,QH,2020/7/28 10:15
98837,1,32,LS,2020/7/28 11:13
98838,1,29,LX,2020/7/28 11:13
98839,1,40,LYW,2020/7/28 11:20
98840,1,25,CYR,2020/7/28 11:20
98841,1,51,WAC,2020/7/28 11:28
98842,1,7,YZQ,2020/7/28 11:34
98843,1,11,XM,2020/7/28 11:34
98844,1,52,QF,2020/7/28 11:36
98845,1,36,LXQ,2020/7/28 11:37
98846,1,4,WSY,2020/7/28 11:41
98847,1,13,FWB,2020/7/28 11:42
98848,1,32,LS,2020/7/28 11:42
98849,1,30,LY,2020/7/28 11:42
98850,1,10,XX,2020/7/28 11:42
98851,1,45,ZJJ,2020/7/28 11:43
98852,1,38,XYH,2020/7/28 11:45
98853,1,49,CHZ,2020/7/28 11:47
98854,1,26,HXY,2020/7/28 11:48
98855,1,103,ZLX,2020/7/28 11:50
98856,1,53,WJ,2020/7/28 11:50
98857,1,50,PQ,2020/7/28 11:52
98858,1,46,LZG,2020/7/28 11:55
98859,1,34,ZQ,2020/7/28 11:55
98860,1,31,ZH,2020/7/28 12:04
98861,1,12,GSH,2020/7/28 12:08
98862,1,20,HQ,2020/7/28 12:09
98863,1,45,ZJJ,2020/7/28 12:09
98864,1,48,QH,2020/7/28 12:25
98865,1,38,XYH,2020/7/28 13:10
98866,1,20,HQ,2020/7/28 13:46
98867,1,40,LYW,2020/7/28 14:02
98868,1,53,WJ,2020/7/28 14:15
98869,1,7,YZQ,2020/7/28 14:19
98870,1,37,TS,2020/7/28 14:24
98871,1,5,NL,2020/7/28 14:59
98872,1,50,PQ,2020/7/28 15:02
98873,1,12,GSH,2020/7/28 15:27
98874,1,32,LS,2020/7/28 17:00
98875,1,12,GSH,2020/7/28 17:11
98876,1,4,WSY,2020/7/28 17:26
98877,1,45,ZJJ,2020/7/28 17:27
98878,1,48,QH,2020/7/28 17:30
98879,1,7,YZQ,2020/7/28 17:33
98880,1,53,WJ,2020/7/28 17:36
98881,1,103,ZLX,2020/7/28 17:36
98882,1,11,XM,2020/7/28 17:36
98883,1,51,WAC,2020/7/28 17:37
98884,1,52,QF,2020/7/28 17:37
98885,1,26,HXY,2020/7/28 17:37
98886,1,29,LX,2020/7/28 17:37
98887,1,38,XYH,2020/7/28 17:39
98888,1,34,ZQ,2020/7/28 17:43
98889,1,36,LXQ,2020/7/28 17:48
98890,1,31,ZH,2020/7/28 17:51
98891,1,46,LZG,2020/7/28 17:54
98892,1,37,TS,2020/7/28 17:54
98893,1,30,LY,2020/7/28 18:05
98894,1,13,FWB,2020/7/28 18:05
98895,1,7,YZQ,2020/7/28 18:08
98896,1,53,WJ,2020/7/28 18:12
98897,1,49,CHZ,2020/7/28 18:40
98898,1,5,NL,2020/7/28 18:41
98899,1,40,LYW,2020/7/28 18:45
98900,1,12,GSH,2020/7/28 19:11
98901,1,36,LXQ,2020/7/28 21:05
98902,1,26,HXY,2020/7/28 21:05
98903,1,40,LYW,2020/7/28 21:12
98904,1,48,QH,2020/7/28 21:21
98905,1,11,XM,2020/7/28 21:22
98906,1,25,CYR,2020/7/28 21:26
98907,1,51,WAC,2020/7/28 21:27
98908,1,37,TS,2020/7/28 21:28
98909,1,5,NL,2020/7/28 21:31
98910,1,51,WAC,2020/7/28 21:35
98911,1,7,YZQ,2020/7/28 21:40
98912,1,53,WJ,2020/7/28 21:53
98913,1,4,WSY,2020/7/28 21:56
98914,1,13,FWB,2020/7/28 22:04
98915,1,12,GSH,2020/7/28 22:10
98916,1,50,PQ,2020/7/28 22:13
98917,1,20,HQ,2020/7/28 22:25
98918,1,45,ZJJ,2020/7/28 22:27
98919,1,45,ZJJ,2020/7/28 22:28
98920,1,38,XYH,2020/7/28 22:29
98921,1,34,ZQ,2020/7/28 22:30
98922,1,52,QF,2020/7/28 22:31
98923,1,30,LY,2020/7/28 22:33
98924,1,10,XX,2020/7/28 22:37
98925,1,32,LS,2020/7/28 22:42
98926,1,31,ZH,2020/7/28 22:46
98927,1,49,CHZ,2020/7/28 22:55
98928,1,46,LZG,2020/7/28 23:02
98929,1,103,ZLX,2020/7/28 23:02
98930,1,40,LYW,2020/7/29 8:02
98931,1,51,WAC,2020/7/29 8:03
98932,1,40,LYW,2020/7/29 8:04
98933,1,26,HXY,2020/7/29 8:14
98934,1,11,XM,2020/7/29 8:16
98935,1,36,LXQ,2020/7/29 8:16
98936,1,29,LX,2020/7/29 8:17
98937,1,29,LX,2020/7/29 8:17
98938,1,34,ZQ,2020/7/29 8:18
98939,1,4,WSY,2020/7/29 8:18
98940,1,25,CYR,2020/7/29 8:19
98941,1,13,FWB,2020/7/29 8:23
98942,1,45,ZJJ,2020/7/29 8:23
98943,1,30,LY,2020/7/29 8:23
98944,1,20,HQ,2020/7/29 8:23
98945,1,53,WJ,2020/7/29 8:24
98946,1,31,ZH,2020/7/29 8:25
98947,1,37,TS,2020/7/29 8:25
98948,1,103,ZLX,2020/7/29 8:26
98949,1,38,XYH,2020/7/29 8:27
98950,1,46,LZG,2020/7/29 8:27
98951,1,10,XX,2020/7/29 8:28
98952,1,7,YZQ,2020/7/29 8:28
98953,1,49,CHZ,2020/7/29 8:29
98954,1,32,LS,2020/7/29 8:36
98955,1,50,PQ,2020/7/29 9:12
98956,1,52,QF,2020/7/29 9:15
98957,1,5,NL,2020/7/29 9:36
98958,1,48,QH,2020/7/29 10:32
98959,1,40,LYW,2020/7/29 11:19
98960,1,29,LX,2020/7/29 11:24
98961,1,32,LS,2020/7/29 11:24
98962,1,103,ZLX,2020/7/29 11:32
98963,1,53,WJ,2020/7/29 11:32
98964,1,4,WSY,2020/7/29 11:33
98965,1,51,WAC,2020/7/29 11:33
98966,1,26,HXY,2020/7/29 11:41
98967,1,34,ZQ,2020/7/29 11:43
98968,1,7,YZQ,2020/7/29 11:46
98969,1,52,QF,2020/7/29 11:49
98970,1,45,ZJJ,2020/7/29 11:54
98971,1,29,LX,2020/7/29 11:56
98972,1,32,LS,2020/7/29 11:56
98973,1,46,LZG,2020/7/29 12:00
98974,1,30,LY,2020/7/29 12:05
98975,1,13,FWB,2020/7/29 12:05
98976,1,31,ZH,2020/7/29 12:09
98977,1,11,XM,2020/7/29 12:10
98978,1,38,XYH,2020/7/29 12:11
98979,1,48,QH,2020/7/29 12:16
98980,1,10,XX,2020/7/29 12:25
98981,1,5,NL,2020/7/29 12:25
98982,1,50,PQ,2020/7/29 13:06
98983,1,37,TS,2020/7/29 14:03
98984,1,7,YZQ,2020/7/29 14:04
98985,1,53,WJ,2020/7/29 14:18
98986,1,40,LYW,2020/7/29 14:22
98987,1,29,LX,2020/7/29 14:45
98988,1,29,LX,2020/7/29 14:45
98989,1,38,XYH,2020/7/29 15:24
98990,1,55,              ,2020/7/29 17:28
98991,1,55,              ,2020/7/29 17:28
98992,1,51,WAC,2020/7/29 17:28
98993,1,7,YZQ,2020/7/29 17:34
98994,1,53,WJ,2020/7/29 17:36
98995,1,40,LYW,2020/7/29 17:36
98996,1,25,CYR,2020/7/29 17:36
98997,1,103,ZLX,2020/7/29 17:36
98998,1,36,LXQ,2020/7/29 17:37
98999,1,45,ZJJ,2020/7/29 17:38
99000,1,12,GSH,2020/7/29 17:39
99001,1,26,HXY,2020/7/29 17:39
99002,1,32,LS,2020/7/29 17:40
99003,1,38,XYH,2020/7/29 17:40
99004,1,29,LX,2020/7/29 17:40
99005,1,52,QF,2020/7/29 17:46
99006,1,11,XM,2020/7/29 17:53
99007,1,34,ZQ,2020/7/29 17:53
99008,1,20,HQ,2020/7/29 17:56
99009,1,30,LY,2020/7/29 17:59
99010,1,13,FWB,2020/7/29 17:59
99011,1,7,YZQ,2020/7/29 18:02
99012,1,31,ZH,2020/7/29 18:05
99013,1,4,WSY,2020/7/29 18:14
99014,1,29,LX,2020/7/29 18:16
99015,1,32,LS,2020/7/29 18:23
99016,1,46,LZG,2020/7/29 18:28
99017,1,53,WJ,2020/7/29 18:28
99018,1,5,NL,2020/7/29 18:41
99019,1,49,CHZ,2020/7/29 18:41
99020,1,10,XX,2020/7/29 18:41
99021,1,45,ZJJ,2020/7/29 18:49
99022,1,50,PQ,2020/7/29 18:50
99023,1,12,GSH,2020/7/29 18:54
99024,1,37,TS,2020/7/29 18:56
99025,1,46,LZG,2020/7/29 19:13
99026,1,12,GSH,2020/7/29 19:51
99027,1,36,LXQ,2020/7/29 21:09
99028,1,26,HXY,2020/7/29 21:18
99029,1,29,LX,2020/7/29 21:18
99030,1,40,LYW,2020/7/29 21:26
99031,1,25,CYR,2020/7/29 21:33
99032,1,11,XM,2020/7/29 21:35
99033,1,7,YZQ,2020/7/29 21:36
99034,1,53,WJ,2020/7/29 21:41
99035,1,51,WAC,2020/7/29 21:51
99036,1,48,QH,2020/7/29 21:59
99037,1,50,PQ,2020/7/29 22:00
99038,1,37,TS,2020/7/29 22:02
99039,1,52,QF,2020/7/29 22:08
99040,1,34,ZQ,2020/7/29 22:11
99041,1,4,WSY,2020/7/29 22:19
99042,1,13,FWB,2020/7/29 22:20
99043,1,46,LZG,2020/7/29 22:43
99044,1,45,ZJJ,2020/7/29 22:55
99045,1,20,HQ,2020/7/29 22:55
99046,1,32,LS,2020/7/29 23:05
99047,1,103,ZLX,2020/7/29 23:10
99048,1,49,CHZ,2020/7/29 23:10
99049,1,38,XYH,2020/7/29 23:13
99050,1,30,LY,2020/7/29 23:13
99051,1,32,LS,2020/7/29 23:14
99052,1,29,LX,2020/7/29 23:29
99053,1,31,ZH,2020/7/29 23:34
99054,1,12,GSH,2020/7/29 23:47
99055,1,10,XX,2020/7/29 23:49
99056,1,5,NL,2020/7/29 23:49
99057,1,12,GSH,2020/7/30 2:35
99058,1,51,WAC,2020/7/30 7:55
99059,1,4,WSY,2020/7/30 7:56
99060,1,36,LXQ,2020/7/30 8:12
99061,1,53,WJ,2020/7/30 8:12
99062,1,11,XM,2020/7/30 8:15
99063,1,25,CYR,2020/7/30 8:16
99064,1,26,HXY,2020/7/30 8:16
99065,1,34,ZQ,2020/7/30 8:21
99066,1,30,LY,2020/7/30 8:21
99067,1,13,FWB,2020/7/30 8:21
99068,1,103,ZLX,2020/7/30 8:22
99069,1,10,XX,2020/7/30 8:22
99070,1,48,QH,2020/7/30 8:24
99071,1,38,XYH,2020/7/30 8:25
99072,1,32,LS,2020/7/30 8:25
99073,1,20,HQ,2020/7/30 8:25
99074,1,45,ZJJ,2020/7/30 8:25
99075,1,29,LX,2020/7/30 8:25
99076,1,40,LYW,2020/7/30 8:27
99077,1,46,LZG,2020/7/30 8:29
99078,1,37,TS,2020/7/30 8:29
99079,1,49,CHZ,2020/7/30 8:29
99080,1,7,YZQ,2020/7/30 8:39
99081,1,50,PQ,2020/7/30 9:01
99082,1,31,ZH,2020/7/30 9:17
99083,1,52,QF,2020/7/30 9:29
99084,1,29,LX,2020/7/30 11:15
99085,1,32,LS,2020/7/30 11:15
99086,1,37,TS,2020/7/30 11:32
99087,1,41,HCL,2020/7/30 11:32
99088,1,51,WAC,2020/7/30 11:34
99089,1,20,HQ,2020/7/30 11:37
99090,1,53,WJ,2020/7/30 11:41
99091,1,103,ZLX,2020/7/30 11:42
99092,1,7,YZQ,2020/7/30 11:43
99093,1,31,ZH,2020/7/30 11:43
99094,1,46,LZG,2020/7/30 11:49
99095,1,26,HXY,2020/7/30 11:50
99096,1,30,LY,2020/7/30 11:50
99097,1,13,FWB,2020/7/30 11:50
99098,1,10,XX,2020/7/30 11:51
99099,1,49,CHZ,2020/7/30 11:51
99100,1,5,NL,2020/7/30 11:52
99101,1,48,QH,2020/7/30 11:54
99102,1,34,ZQ,2020/7/30 11:58
99103,1,20,HQ,2020/7/30 12:00
99104,1,11,XM,2020/7/30 12:01
99105,1,32,LS,2020/7/30 12:05
99106,1,36,LXQ,2020/7/30 12:07
99107,1,50,PQ,2020/7/30 12:14
99108,1,49,CHZ,2020/7/30 12:14
99109,1,40,LYW,2020/7/30 12:15
99110,1,25,CYR,2020/7/30 12:24
99111,1,4,WSY,2020/7/30 12:37
99112,1,46,LZG,2020/7/30 12:41
99113,1,7,YZQ,2020/7/30 13:11
99114,1,38,XYH,2020/7/30 13:17
99115,1,53,WJ,2020/7/30 14:24
99116,1,45,ZJJ,2020/7/30 14:26
99117,1,52,QF,2020/7/30 14:33
99118,1,29,LX,2020/7/30 14:35
99119,1,50,PQ,2020/7/30 15:41
99120,1,12,GSH,2020/7/30 15:55
99121,1,11,XM,2020/7/30 17:04
99122,1,48,QH,2020/7/30 17:30
99123,1,4,WSY,2020/7/30 17:33
99124,1,103,ZLX,2020/7/30 17:44
99125,1,53,WJ,2020/7/30 17:44
99126,1,7,YZQ,2020/7/30 17:44
99127,1,31,ZH,2020/7/30 17:47
99128,1,26,HXY,2020/7/30 17:48
99129,1,32,LS,2020/7/30 17:48
99130,1,29,LX,2020/7/30 17:48
99131,1,13,FWB,2020/7/30 17:56
99132,1,36,LXQ,2020/7/30 18:00
99133,1,52,QF,2020/7/30 18:01
99134,1,45,ZJJ,2020/7/30 18:08
99135,1,34,ZQ,2020/7/30 18:10
99136,1,51,WAC,2020/7/30 18:12
99137,1,20,HQ,2020/7/30 18:12
99138,1,30,LY,2020/7/30 18:13
99139,1,46,LZG,2020/7/30 18:16
99140,1,32,LS,2020/7/30 18:25
99141,1,29,LX,2020/7/30 18:25
99142,1,37,TS,2020/7/30 18:26
99143,1,37,TS,2020/7/30 18:27
99144,1,7,YZQ,2020/7/30 18:32
99145,1,53,WJ,2020/7/30 18:37
99146,1,12,GSH,2020/7/30 18:58
99147,1,49,CHZ,2020/7/30 18:58
99148,1,38,XYH,2020/7/30 19:12
99149,1,36,LXQ,2020/7/30 19:31
99150,1,12,GSH,2020/7/30 19:44
99151,1,26,HXY,2020/7/30 21:08
99152,1,11,XM,2020/7/30 21:16
99153,1,52,QF,2020/7/30 21:19
99154,1,40,LYW,2020/7/30 21:33
99155,1,36,LXQ,2020/7/30 21:33
99156,1,13,FWB,2020/7/30 21:34
99157,1,50,PQ,2020/7/30 21:36
99158,1,29,LX,2020/7/30 21:36
99159,1,29,LX,2020/7/30 21:36
99160,1,29,LX,2020/7/30 21:36
99161,1,29,LX,2020/7/30 21:36
99162,1,20,HQ,2020/7/30 21:48
99163,1,45,ZJJ,2020/7/30 21:49
99164,1,7,YZQ,2020/7/30 21:52
99165,1,53,WJ,2020/7/30 21:54
99166,1,51,WAC,2020/7/30 21:55
99167,1,37,TS,2020/7/30 22:05
99168,1,10,XX,2020/7/30 22:16
99169,1,49,CHZ,2020/7/30 22:16
99170,1,31,ZH,2020/7/30 22:19
99171,1,48,QH,2020/7/30 22:32
99172,1,103,ZLX,2020/7/30 22:33
99173,1,4,WSY,2020/7/30 22:38
99174,1,30,LY,2020/7/30 22:41
99175,1,29,LX,2020/7/30 22:41
99176,1,46,LZG,2020/7/30 22:45
99177,1,34,ZQ,2020/7/30 22:53
99178,1,32,LS,2020/7/30 23:01
99179,1,38,XYH,2020/7/30 23:02
99180,1,29,LX,2020/7/30 23:15
99181,1,12,GSH,2020/7/30 23:54
99182,1,38,XYH,2020/7/31 0:31
99183,1,5,NL,2020/7/31 0:46
99184,1,12,GSH,2020/7/31 1:01
99185,1,26,HXY,2020/7/31 8:14
99186,1,31,ZH,2020/7/31 8:15
99187,1,11,XM,2020/7/31 8:19
99188,1,51,WAC,2020/7/31 8:20
99189,1,103,ZLX,2020/7/31 8:22
99190,1,32,LS,2020/7/31 8:22
99191,1,38,XYH,2020/7/31 8:22
99192,1,53,WJ,2020/7/31 8:22
99193,1,4,WSY,2020/7/31 8:23
99194,1,30,LY,2020/7/31 8:24
99195,1,13,FWB,2020/7/31 8:24
99196,1,34,ZQ,2020/7/31 8:25
99197,1,20,HQ,2020/7/31 8:27
99198,1,45,ZJJ,2020/7/31 8:27
99199,1,50,PQ,2020/7/31 8:27
99200,1,50,PQ,2020/7/31 8:27
99201,1,7,YZQ,2020/7/31 8:27
99202,1,37,TS,2020/7/31 8:29
99203,1,10,XX,2020/7/31 8:29
99204,1,46,LZG,2020/7/31 8:29
99205,1,49,CHZ,2020/7/31 8:32
99206,1,52,QF,2020/7/31 8:43
99207,1,40,LYW,2020/7/31 9:09
99208,1,29,LX,2020/7/31 9:14
99209,1,48,QH,2020/7/31 9:45
99210,1,34,ZQ,2020/7/31 11:26
99211,1,10,XX,2020/7/31 11:27
99212,1,40,LYW,2020/7/31 11:29
99213,1,37,TS,2020/7/31 11:30
99214,1,31,ZH,2020/7/31 11:34
99215,1,11,XM,2020/7/31 11:34
99216,1,13,FWB,2020/7/31 11:37
99217,1,30,LY,2020/7/31 11:37
99218,1,7,YZQ,2020/7/31 11:42
99219,1,45,ZJJ,2020/7/31 11:43
99220,1,26,HXY,2020/7/31 11:43
99221,1,4,WSY,2020/7/31 11:44
99222,1,20,HQ,2020/7/31 11:45
99223,1,52,QF,2020/7/31 11:45
99224,1,51,WAC,2020/7/31 11:48
99225,1,49,CHZ,2020/7/31 11:51
99226,1,5,NL,2020/7/31 11:51
99227,1,46,LZG,2020/7/31 11:52
99228,1,50,PQ,2020/7/31 11:52
99229,1,11,XM,2020/7/31 12:00
99230,1,25,CYR,2020/7/31 12:06
99231,1,29,LX,2020/7/31 12:13
99232,1,29,LX,2020/7/31 12:13
99233,1,32,LS,2020/7/31 12:14
99234,1,38,XYH,2020/7/31 12:34
99235,1,53,WJ,2020/7/31 12:34
99236,1,103,ZLX,2020/7/31 12:35
99237,1,29,LX,2020/7/31 12:47
99238,1,5,NL,2020/7/31 12:53
99239,1,7,YZQ,2020/7/31 14:16
99240,1,53,WJ,2020/7/31 14:35
99241,1,29,LX,2020/7/31 14:37
99242,1,29,LX,2020/7/31 15:12
99243,1,48,QH,2020/7/31 15:12
99244,1,50,PQ,2020/7/31 15:12
99245,1,36,LXQ,2020/7/31 16:45
99246,1,45,ZJJ,2020/7/31 17:27
99247,1,10,XX,2020/7/31 17:28
99248,1,20,HQ,2020/7/31 17:28
99249,1,12,GSH,2020/7/31 17:30
99250,1,51,WAC,2020/7/31 17:33
99251,1,26,HXY,2020/7/31 17:33
99252,1,52,QF,2020/7/31 17:33
99253,1,7,YZQ,2020/7/31 17:37
99254,1,4,WSY,2020/7/31 17:46
99255,1,11,XM,2020/7/31 17:47
99256,1,103,ZLX,2020/7/31 17:52
99257,1,29,LX,2020/7/31 17:55
99258,1,49,CHZ,2020/7/31 18:00
99259,1,48,QH,2020/7/31 18:00
99260,1,13,FWB,2020/7/31 18:04
99261,1,30,LY,2020/7/31 18:04
99262,1,7,YZQ,2020/7/31 18:06
99263,1,34,ZQ,2020/7/31 18:09
99264,1,12,GSH,2020/7/31 18:12
99265,1,53,WJ,2020/7/31 18:12
99266,1,36,LXQ,2020/7/31 18:12
99267,1,31,ZH,2020/7/31 18:34
99268,1,46,LZG,2020/7/31 18:34
99269,1,53,WJ,2020/7/31 19:03
99270,1,37,TS,2020/7/31 19:11
99271,1,38,XYH,2020/7/31 19:30
99272,1,26,HXY,2020/7/31 21:07
99273,1,36,LXQ,2020/7/31 21:15
99274,1,12,GSH,2020/7/31 21:20
99275,1,40,LYW,2020/7/31 21:21
99276,1,11,XM,2020/7/31 21:21
99277,1,34,ZQ,2020/7/31 21:26
99278,1,25,CYR,2020/7/31 21:29
99279,1,52,QF,2020/7/31 21:30
99280,1,46,LZG,2020/7/31 21:32
99281,1,7,YZQ,2020/7/31 21:38
99282,1,51,WAC,2020/7/31 21:40
99283,1,48,QH,2020/7/31 21:43
99284,1,37,TS,2020/7/31 21:51
99285,1,4,WSY,2020/7/31 21:53
99286,1,13,FWB,2020/7/31 21:55
99287,1,49,CHZ,2020/7/31 22:02
99288,1,29,LX,2020/7/31 22:13
99289,1,20,HQ,2020/7/31 22:23
99290,1,45,ZJJ,2020/7/31 22:27
99291,1,53,WJ,2020/7/31 22:27
99292,1,10,XX,2020/7/31 22:34
99293,1,12,GSH,2020/7/31 22:46
99294,1,38,XYH,2020/7/31 22:47
99295,1,29,LX,2020/7/31 22:53
99296,1,31,ZH,2020/7/31 23:00
99297,1,29,LX,2020/7/31 23:01
99298,1,103,ZLX,2020/7/31 23:08
99299,1,30,LY,2020/7/31 23:08
99300,1,50,PQ,2020/7/31 23:14
99301,1,32,LS,2020/7/31 23:20
